,Title,Company,Location,Link
16,DÃ©veloppeur Mobile, ip-label,https://www.glassdoor.com/partner/jobListing.htm?pos=124&ao=478887&s=58&guid=0000016a96b33ef3be70e87590febe5d&src=GD_JOB_AD&t=SR&extid=1&exst=OL&ist=&ast=OL&vt=w&slr=true&cs=1_6f95c1bd&cb=1557306490841&jobListingId=3107051421,Â Tunis
23,Consultant(e) JAVA/JEEâ€‹, Keyrus Group,https://www.glassdoor.com/partner/jobListing.htm?pos=111&ao=4120&s=58&guid=0000016a96b33ef3be70e87590febe5d&src=GD_JOB_AD&t=SR&extid=1&exst=OL&ist=&ast=OL&vt=w&slr=true&cs=1_faee0bcb&cb=1557306490827&jobListingId=3077602917,Â Tunisia
6,IngÃ©nieur dÃ©veloppement Java/JEE (DSIF/PILPRO), Orange,https://www.glassdoor.com/partner/jobListing.htm?pos=103&ao=439712&s=58&guid=0000016a96b33ef3be70e87590febe5d&src=GD_JOB_AD&t=SR&extid=1&exst=OL&ist=&ast=OL&vt=w&slr=true&cs=1_88d9bc3d&cb=1557306490820&jobListingId=3088586173,Â Tunis
26,Consultant DÃ©veloppeur JAVA, Keyrus Group,https://www.glassdoor.com/partner/jobListing.htm?pos=109&ao=4120&s=58&guid=0000016a96b33ef3be70e87590febe5d&src=GD_JOB_AD&t=SR&extid=1&exst=OL&ist=&ast=OL&vt=w&slr=true&cs=1_9dcd2709&cb=1557306490825&jobListingId=3077607183,Â Tunisia
22,IngÃ©nieur de dÃ©veloppement Java/PHP (DSIF/DEVRAP), Orange,https://www.glassdoor.com/partner/jobListing.htm?pos=117&ao=439712&s=58&guid=0000016a96b33ef3be70e87590febe5d&src=GD_JOB_AD&t=SR&extid=1&exst=OL&ist=&ast=OL&vt=w&slr=true&cs=1_b41ed236&cb=1557306490833&jobListingId=3203544092,Â Tunis
30,IngÃ©nieur en dÃ©veloppement JAVA (DSIF/SIG), Orange,https://www.glassdoor.com/partner/jobListing.htm?pos=107&ao=439712&s=58&guid=0000016a96b33ef3be70e87590febe5d&src=GD_JOB_AD&t=SR&extid=1&exst=OL&ist=&ast=OL&vt=w&slr=true&cs=1_808dfc4b&cb=1557306490823&jobListingId=3089614747,Â Tunis
8,IngÃ©nieur en dÃ©veloppement sÃ©nior JAVA, Orange,https://www.glassdoor.com/partner/jobListing.htm?pos=105&ao=439712&s=58&guid=0000016a96b33ef3be70e87590febe5d&src=GD_JOB_AD&t=SR&extid=1&exst=OL&ist=&ast=OL&vt=w&slr=true&cs=1_5de87445&cb=1557306490822&jobListingId=3102465983,Â Tunis
7,IngÃ©nieur du dÃ©veloppement Java (DSIF/ERIS), Orange,https://www.glassdoor.com/partner/jobListing.htm?pos=110&ao=439712&s=58&guid=0000016a96b33ef3be70e87590febe5d&src=GD_JOB_AD&t=SR&extid=1&exst=OL&ist=&ast=OL&vt=w&slr=true&cs=1_21a393cf&cb=1557306490826&jobListingId=3185773527,Â Tunis
20,IngÃ©nieur de dÃ©veloppement full stack Java-AngularJS (DSIF/TETRIS), Orange,https://www.glassdoor.com/partner/jobListing.htm?pos=104&ao=439712&s=58&guid=0000016a96b33ef3be70e87590febe5d&src=GD_JOB_AD&t=SR&extid=1&exst=OL&ist=&ast=OL&vt=w&slr=true&cs=1_a1e3bc82&cb=1557306490821&jobListingId=3111044335,Â Tunis
3,Chef de Projet Technique, Keyrus Group,https://www.glassdoor.com/partner/jobListing.htm?pos=123&ao=4120&s=58&guid=0000016a96b33ef3be70e87590febe5d&src=GD_JOB_AD&t=SR&extid=1&exst=OL&ist=&ast=OL&vt=w&slr=true&cs=1_87abaf71&cb=1557306490839&jobListingId=3077607397,Â Tunisia
11,IngÃ©nieur DÃ©veloppement ConfirmÃ© Java, Orange,https://www.glassdoor.com/partner/jobListing.htm?pos=102&ao=439712&s=58&guid=0000016a96b33ef3be70e87590febe5d&src=GD_JOB_AD&t=SR&extid=1&exst=OL&ist=&ast=OL&vt=w&slr=true&cs=1_1213b52a&cb=1557306490819&jobListingId=3088586171,Â Tunis
17,Senior backend developer, Jumia,https://www.glassdoor.com/partner/jobListing.htm?pos=122&ao=4120&s=58&guid=0000016a96b33ef3be70e87590febe5d&src=GD_JOB_AD&t=SR&extid=1&exst=OL&ist=&ast=OL&vt=w&slr=true&cs=1_ca998a20&cb=1557306490838&jobListingId=3084251359,Â Tunis
25,Junior Technology Consultant - Professional Services, MICRGLOBAL,https://www.glassdoor.com/partner/jobListing.htm?pos=125&ao=37049&s=58&guid=0000016a96b33ef3be70e87590febe5d&src=GD_JOB_AD&t=SR&extid=1&exst=OL&ist=&ast=OL&vt=w&slr=true&cs=1_de7cd5d4&cb=1557306490842&jobListingId=3214927749,Â Ariana
5,Junior Technology Consultant - Professional Services, Micro Focus,https://www.glassdoor.com/partner/jobListing.htm?pos=118&ao=394191&s=58&guid=0000016a96b33ef3be70e87590febe5d&src=GD_JOB_AD&t=SR&extid=1&exst=OL&ist=&ast=OL&vt=w&slr=true&cs=1_5b3efd50&cb=1557306490834&jobListingId=3214820564,Â Ariana
21,UBIX_Senior JAVA Developer, FIS,https://www.glassdoor.com/partner/jobListing.htm?pos=108&ao=470783&s=58&guid=0000016a96b33ef3be70e87590febe5d&src=GD_JOB_AD&t=SR&extid=1&exst=OL&ist=&ast=OL&vt=w&slr=true&cs=1_26a88736&cb=1557306490824&jobListingId=3159964893,Â Ariana
2,Technology Consultant - Professional Services, Micro Focus,https://www.glassdoor.com/partner/jobListing.htm?pos=119&ao=394191&s=58&guid=0000016a96b33ef3be70e87590febe5d&src=GD_JOB_AD&t=SR&extid=1&exst=OL&ist=&ast=OL&vt=w&slr=true&cs=1_71761ec3&cb=1557306490835&jobListingId=3214820262,Â Ariana
14,Technology Consultant - Professional Services, MICRGLOBAL,https://www.glassdoor.com/partner/jobListing.htm?pos=130&ao=37049&s=58&guid=0000016a96b33ef3be70e87590febe5d&src=GD_JOB_AD&t=SR&extid=1&exst=OL&ist=&ast=OL&vt=w&slr=true&cs=1_71e5e071&cb=1557306490847&jobListingId=3214927742,Â Ariana
27,Nextgen_ConversionMigration Hub devops, FIS,https://www.glassdoor.com/partner/jobListing.htm?pos=126&ao=470783&s=58&guid=0000016a96b33ef3be70e87590febe5d&src=GD_JOB_AD&t=SR&extid=1&exst=OL&ist=&ast=OL&vt=w&slr=true&cs=1_63de2c04&cb=1557306490843&jobListingId=2793760842,Â Ariana
19,Software Entwickler Scala/Java (m/w/d), Imbus,https://www.glassdoor.com/partner/jobListing.htm?pos=106&ao=4120&s=58&guid=0000016a96b33ef3be70e87590febe5d&src=GD_JOB_AD&t=SR&extid=1&exst=OL&ist=&ast=OL&vt=w&slr=true&ea=1&cs=1_680d999c&cb=1557306490822&jobListingId=3140566476,Â Sousse
13,Full Stack Web Developer, Cimpress/Vistaprint,https://www.glassdoor.com/partner/jobListing.htm?pos=127&ao=55938&s=58&guid=0000016a96b33ef3be70e87590febe5d&src=GD_JOB_AD&t=SR&extid=1&exst=OL&ist=&ast=OL&vt=w&slr=true&cs=1_8753f58d&cb=1557306490844&jobListingId=3217325994,Â Tunis
29,Java Developer, Jumia,https://www.glassdoor.com/partner/jobListing.htm?pos=101&ao=4120&s=58&guid=0000016a96b33ef3be70e87590febe5d&src=GD_JOB_AD&t=SR&extid=1&exst=OL&ist=&ast=OL&vt=w&slr=true&cs=1_9b6180ec&cb=1557306490818&jobListingId=3084251497,Â Tunis
28,Full Stack Web Developer, Vistaprint,https://www.glassdoor.com/partner/jobListing.htm?pos=115&ao=133347&s=58&guid=0000016a96b33ef3be70e87590febe5d&src=GD_JOB_AD&t=SR&extid=1&exst=OL&ist=&ast=OL&vt=w&slr=true&cs=1_d01c048b&cb=1557306490830&jobListingId=3143183619,Â Tunis
4,Senior Software Engineer (Full Stack), Vistaprint,https://www.glassdoor.com/partner/jobListing.htm?pos=114&ao=133347&s=58&guid=0000016a96b33ef3be70e87590febe5d&src=GD_JOB_AD&t=SR&extid=1&exst=OL&ist=&ast=OL&vt=w&slr=true&cs=1_c80f8336&cb=1557306490829&jobListingId=3143183343,Â Tunis
12,IT Desktop Support Engineer - Middle East & Africa, FIS,https://www.glassdoor.com/partner/jobListing.htm?pos=112&ao=470783&s=58&guid=0000016a96b33ef3be70e87590febe5d&src=GD_JOB_AD&t=SR&extid=1&exst=OL&ist=&ast=OL&vt=w&slr=true&cs=1_08437f5f&cb=1557306490828&jobListingId=3164665416,Â Ariana
10,Software Engineer in Test, Cimpress/Vistaprint,https://www.glassdoor.com/partner/jobListing.htm?pos=129&ao=55938&s=58&guid=0000016a96b33ef3be70e87590febe5d&src=GD_JOB_AD&t=SR&extid=1&exst=OL&ist=&ast=OL&vt=w&slr=true&cs=1_94ab5a68&cb=1557306490846&jobListingId=3224472456,Â Tunis
18,RIMS Developer, FIS,https://www.glassdoor.com/partner/jobListing.htm?pos=121&ao=470783&s=58&guid=0000016a96b33ef3be70e87590febe5d&src=GD_JOB_AD&t=SR&extid=1&exst=OL&ist=&ast=OL&vt=w&slr=true&cs=1_2895093b&cb=1557306490837&jobListingId=2928233504,Â Ariana
24,Software Engineer in Test, Vistaprint,https://www.glassdoor.com/partner/jobListing.htm?pos=116&ao=133347&s=58&guid=0000016a96b33ef3be70e87590febe5d&src=GD_JOB_AD&t=SR&extid=1&exst=OL&ist=&ast=OL&vt=w&slr=true&cs=1_26a31437&cb=1557306490831&jobListingId=3143182008,Â Tunis
1,FCD Solution Developer Engineer, FIS,https://www.glassdoor.com/partner/jobListing.htm?pos=120&ao=470783&s=58&guid=0000016a96b33ef3be70e87590febe5d&src=GD_JOB_AD&t=SR&extid=1&exst=OL&ist=&ast=OL&vt=w&slr=true&cs=1_d01739f3&cb=1557306490836&jobListingId=2961390187,Â Ariana
9,Lead Software Engineer (Full stack), Vistaprint,https://www.glassdoor.com/partner/jobListing.htm?pos=128&ao=133347&s=58&guid=0000016a96b33ef3be70e87590febe5d&src=GD_JOB_AD&t=SR&extid=1&exst=OL&ist=&ast=OL&vt=w&slr=true&cs=1_97166ae0&cb=1557306490845&jobListingId=3143182350,Â Tunis
15,IT Representative, Jumia,https://www.glassdoor.com/partner/jobListing.htm?pos=113&ao=4120&s=58&guid=0000016a96b33ef3be70e87590febe5d&src=GD_JOB_AD&t=SR&extid=1&exst=OL&ist=&ast=OL&vt=w&slr=true&cs=1_0d659bea&cb=1557306490828&jobListingId=3090711488,Â Tunis
